"Timestamp","Full Name","Have you ever worked on a personal or school project related to computer science? — Yes / No","If so, which one?","How would you rate your proficiency in the following areas? [HTML / CSS]","How would you rate your proficiency in the following areas? [JavaScript]","How would you rate your proficiency in the following areas? [React Js]","How would you rate your proficiency in the following areas? [Next.Js]","How would you rate your proficiency in the following areas? [Git/Github]","How would you rate your proficiency in the following areas? [SQL / PostgreSQL]","How would you rate your proficiency in the following areas? [Supabase]","How would you rate your proficiency in the following areas? [APIs / REST]","How would you rate your proficiency in the following areas? [UI/UX]","What activities do you currently feel most comfortable doing?","What do you think is your greatest strength? Why?","What in particular would you like to learn or improve during this internship?","What are the three skills you would really like to master or improve by the end of the internship?","When you run into a problem you don't know how to solve, what do you usually do first?","Describe a technical problem you've encountered before and how you solved it.","In a team, which role suits you best?","What do you expect from the team that will support you during your internship?","By the end of your internship, what would you like to be able to say you can do that you couldn't do before?","Is there a field, a technology, or a type of project that you'd particularly like to explore?"
"2026/09/29 9:04:12 pm CET","Alexis ASSOGBA","OUI","City Report","Intermediate","Intermediate","Beginner;","Beginner;","Intermediate","Beginner;","Beginner;","Beginner;","Intermediate","Front-end Development","Frontend because I did a lot of project on the front side","Backend","English,  UI/UX, IA","I search the Internet.","Problem of collection between the elements present in the backend and the different functions of the frontend. This was solved by an internet search followed by a tutorial.","I like to document.","The real and visible distribution of tasks so that we can really know what each is doing.","Better English first and strengthen myself in global group work and programming.","Ai projects"
"2026/09/30 9:35:07 am CET","SOTINKON Comblé","OUI","A tool  named Guerila for planning how to track the stock in an entreprise by granted acces to a website per Squad capitain","Intermediate","Intermediate","Intermediate","Beginner;","Intermediate","Intermediate","Never Used","Intermediate","Intermediate","Front-end Development","Testing things (  i think i know to see problems or think of actuals bugs that can happen before it comes.)","Software Architecture","- speaking and explaining things in English
- gain skills in AI management and how its work;
- be more proficient in things like management of time and the pressure in a professional environment ","I search the Internet.","conflict after working on different branches and solving it by looking trough documentation about Github","I like to develop.","Advice if necessary, recognize your effort in the work I'm doing ","I've gained more experience on how to make a good review; ","Ai projects"
"2026/10/01 1:41:27 am CET","Aïchath RAMANOU","OUI","JibJob is a 14-day Epitech project built by a team of 4: a TikTok-style social platform for professional networking, featuring a vertical feed, videos, a questionnaire and a ""JEB Work Permit"". I was in charge of the backend API and authentication (video consent, age verification at sign-up, action logging, OpenAPI documentation), plus part of the front end for the job-seeker and admin spaces. The required stack was Node.js, Express, TypeScript, Drizzle ORM, PostgreSQL, Redis, JWT with bcrypt, Zod and Docker Compose, all running locally with no third-party cloud dependency, to meet the sovereignty constraint","Advanced","Advanced","Advanced","Advanced","Advanced","Advanced","Never Used","Advanced","Intermediate","Backend Development","My greatest strength is my ability to learn quickly and become productive on technologies I've never used. I'm comfortable digging into documentation, debugging step by step, and asking teammates for help when needed. That's why I'm able to contribute fast to a team, even outside my comfort zone","Software Architecture","English, organization","I ask someone for help after trying to solve the problem myself.","I was working on a project called My_radar. I had already coded some important parts of it, so I decided to run it to check that everything was okay before continuing. Unfortunately, I encountered a segmentation fault. I took the time to re-read my code and added some prints to see where the problem was, but I found nothing. So I decided to ask some APEs or AERs, but no one found the error. But I didn't give up: I came to school on Sunday and met two students in a higher year than me, so I asked them to help me, and after many, many hours of searching, we finally found the problem.","I like to organize work.","From the team, I expect guidance, honest feedback and a collaborative environment. As an intern, I want to learn from experienced people: I'd like clear explanations of how the team works, code reviews that show me how to improve, and the opportunity to ask questions without hesitation.","By the end of my internship, I'd like to be able to say that I can take a feature from start to finish in a real professional environment: understanding the need, designing the solution, coding it, testing it and delivering it","crm  projects"
"2026/10/01 10:01:36 am CET","FAGBEHOURO Christelle","OUI","Dashboard project","Intermediate","Intermediate","Intermediate","Intermediate","Advanced","Advanced","Beginner;","Advanced","Intermediate","Backend Development","Adaptability. Because i have a growth mindset, i view challenges as opportunities to learn.","DevOps / CI/CD","Performance analytics, advanced data manipulation ","I ask ai.","During an internship project where we had to deliver a web application, we faced a critical issue. Just two days before the presentation, user authentication suddenly started failing intermittently in production, even though everything was working perfectly in our local environment. My task was to identify and fix this bug urgently without delaying our final submission. Instead of changing the code randomly, I used a structured approach. I isolated the environment by analyzing the production server logs, where I noticed a Token Mismatch error. By digging deeper, I realized that the production environment used a Load Balancer, and user sessions were not being shared across servers. To fix this, I configured a centralized session store using Redis, ensuring all servers shared the same authentication data. The bug was resolved within a few hours. The application became perfectly stable, and we successfully delivered the project on time, receiving excellent feedback from the evaluation panel.","I like to develop.","I appreciate having a clear view of my initial tasks, the team's workflows, and the objectives I need to reach. This helps me become autonomous and productive as quickly as possible.","By the end of this internship, I want to say I can dive into a complex, live production environment, diagnose an issue, and deploy a stable solution independently.","Devops projects, mobile app project"
"2026/10/01 10:22:50 am CET","chris-mael GOUGBE","OUI","An application for money management","Advanced","Intermediate","Advanced","Intermediate","Advanced","Intermediate","Advanced","Advanced","Advanced","Front-end Development","the determination cause im always searching and trying to do my best for the projects","Teamwork Methodologies","stress management, too many work making and the teams working","I search the Internet.","AI management for the solving bug
i just learn how to read ai code","I like to develop.","a work from each of us ","I would like to say that I have contributed a part of myself to this company's projects.","i want to explore cybersecurity project
"
"2026/10/01 10:23:54 am CET","Harry HOUNSOU","OUI","Full-Stack Web Development","Intermediate","Intermediate","Intermediate","Beginner;","Advanced","Intermediate","Never Used","Advanced","Beginner;","Backend Development","My greatest strength is my strong desire to learn new things and acquire new skills. Why,  By learning new skills, I can adapt to new challenges and remain efficient in my working experience .","Security","problem solving, security, frontend, UI/UX","I ask someone for help after trying to solve the problem myself.","I ran into a Git merge conflict between two branches during a team project. A couple of us had modified the code in a same file, which blocked the project.
My main priority was to quickly resolve it without losing anyone's work. I started by running git status to put in evidence the conflicting files, and then used git diff to see exactly what changed.
Since I wanted to be 100% safe, I actually used an AI assistant to double-check my logic and confirm the commands before running them. I then manually cleaned up the conflicts picked the right versions and put everything together with git add and git commit. I then merge the branch on the main branch","I like to develop.","open communication, constructive feedback, ","I'd like to be able to say that I successfully delivered real, production-ready work that directly impacted the business, just like a full-time employee would.","cybersecurity projects"
"2026/10/01 10:29:53 am CET","ADONON joakh","OUI","Dasboard project","Intermediate","Advanced","Intermediate","Beginner;","Intermediate","Beginner;","Beginner;","Beginner;","Intermediate","Research and Documentation","Curiosity, because I like to know how things work","APIs","frontend, backend and performance","I ask someone for help after trying to solve the problem myself.","It was a math project about cryptography, and I was stuck on why, in base 16, two characters make up one byte. Since I was stuck, I went to see my APE so he could explain it to me. I understood a little, but it wasn't until I combined his explanation with the AI's that I finally got it.","I like to solve problems.","good communication and a positive attitude toward one another","i can do a best frontend and Apis","cybersecurity projects"